title,seeders,leechers,peers,category,date,timestamp
The Last of Us: Part II,2640,5757,8397,games,2025-04-09,2025-04-09T19:35:24
inZOI,1818,147,1965,games,2025-04-09,2025-04-09T19:35:24
"Rise of the Ronin [ , Sel...",805,630,1435,games,2025-04-09,2025-04-09T19:35:24
Schedule I f9,2452,95,2547,games,2025-04-09,2025-04-09T19:35:24
South of Midnight: Premium Edition [Fi...,994,633,1627,games,2025-04-09,2025-04-09T19:35:24
Mortal Kombat 1: Khaos Reigns Kollection (,403,295,698,games,2025-04-09,2025-04-09T19:35:24
BLEACH: Rebirth of Souls [F...,506,196,702,games,2025-04-09,2025-04-09T19:35:24
House Party: Supporter Edition,616,34,650,games,2025-04-09,2025-04-09T19:35:24
"Haste [ ,",469,76,545,games,2025-04-09,2025-04-09T19:35:24
AI LIMIT: Deluxe Edition,616,89,705,games,2025-04-09,2025-04-09T19:35:24
"Cities: Skylines II [ , ...",522,90,612,games,2025-04-09,2025-04-09T19:35:24
Venus Vacation PRISM: DEAD OR ALIVE Xtreme,251,39,290,games,2025-04-09,2025-04-09T19:35:24
Atelier Yumia: The Alchemist of Memories & the Envisioned Land (b/c,322,32,354,games,2025-04-09,2025-04-09T19:35:24
Xenoblade Chronicles X: Definitive Edition (,281,40,321,games,2025-04-09,2025-04-09T19:35:24
Cyberpunk 2077,222,45,267,games,2025-04-09,2025-04-09T19:35:24
The Invincible: Deluxe Edition (/ CL_54877,221,26,247,games,2025-04-09,2025-04-09T19:35:24
"CONTROL: Ultimate Edition [ , S...",498,168,666,games,2025-04-09,2025-04-09T19:35:24
American Truck Simulator,158,30,188,games,2025-04-09,2025-04-09T19:35:24
Cataclismo,178,3,181,games,2025-04-09,2025-04-09T19:35:24
Sonic X Shadow Generations [...,131,18,149,games,2025-04-09,2025-04-09T19:35:24
Squirrel with a Gun,129,12,141,games,2025-04-09,2025-04-09T19:35:24
Kingdom Come: Deliverance II,232,34,266,games,2025-04-09,2025-04-09T19:35:24
INAYAH: Life after Gods,129,8,137,games,2025-04-09,2025-04-09T19:35:24
KARMA: The Dark World,105,28,133,games,2025-04-09,2025-04-09T19:35:24
Rogue: Genesia,131,1,132,games,2025-04-09,2025-04-09T19:35:24
Myst,122,4,126,games,2025-04-09,2025-04-09T19:35:24
SaGa Frontier 2,115,9,124,games,2025-04-09,2025-04-09T19:35:24
Zombieville USA 3D,108,2,110,games,2025-04-09,2025-04-09T19:35:24
Romancing SaGa 2: Revenge of the Seven [Fi...,86,19,105,games,2025-04-09,2025-04-09T19:35:24
Grit and Valor,89,8,97,games,2025-04-09,2025-04-09T19:35:24
The Phantom,81,3,84,games,2025-04-09,2025-04-09T19:35:24
GUILTY GEAR -STRIVE,59,23,82,games,2025-04-09,2025-04-09T19:35:24
Corner Kitchen: Fast Food Simulator,76,3,79,games,2025-04-09,2025-04-09T19:35:24
3D Escape Room: Detective Story,72,1,73,games,2025-04-09,2025-04-09T19:35:24
Nordhold,70,1,71,games,2025-04-09,2025-04-09T19:35:24
Wanderstop,65,3,68,games,2025-04-09,2025-04-09T19:35:24
House Builder: Pack and Punch Bundle (Build 20-03,57,11,68,games,2025-04-09,2025-04-09T19:35:24
Reignbreaker,64,3,67,games,2025-04-09,2025-04-09T19:35:24
FATE: Reawakened,61,2,63,games,2025-04-09,2025-04-09T19:35:24
Lossless Scaling,62,0,62,games,2025-04-09,2025-04-09T19:35:24
Wreckfest 2,86,9,95,games,2025-04-09,2025-04-09T19:35:24
Strike Force 2: Terrorist Hunt,57,4,61,games,2025-04-09,2025-04-09T19:35:24
Robin Hood: Sherwood Defenders,52,9,61,games,2025-04-09,2025-04-09T19:35:24
Age of Wonders 4 Giant Kings,50,4,54,games,2025-04-09,2025-04-09T19:35:24
Crusader Kings III,47,4,51,games,2025-04-09,2025-04-09T19:35:24
Sledders,43,4,47,games,2025-04-09,2025-04-09T19:35:24
World Racing 2: Champion Edition,41,3,44,games,2025-04-09,2025-04-09T19:35:24
Psycho Patrol R,41,0,41,games,2025-04-09,2025-04-09T19:35:24
Nubby's Number Factory,38,1,39,games,2025-04-09,2025-04-09T19:35:24
Spilled!,36,0,36,games,2025-04-09,2025-04-09T19:35:24
Tainted Grail: The Fall of Avalon,27,5,32,games,2025-04-09,2025-04-09T19:35:24
Command & Conquer Red Alert 3,25,5,30,games,2025-04-09,2025-04-09T19:35:24
Project Zomboid,27,1,28,games,2025-04-09,2025-04-09T19:35:24
S.T.A.L.K.E.R. 2: Heart of Chornobyl,18,3,21,games,2025-04-09,2025-04-09T19:35:24
WWE 2K25,9,8,17,games,2025-04-09,2025-04-09T19:35:24
Avowed,15,1,16,games,2025-04-09,2025-04-09T19:35:24
AI LIMIT,14,1,15,games,2025-04-09,2025-04-09T19:35:24
Witchfire,10,3,13,games,2025-04-09,2025-04-09T19:35:24
God of War Ragnarok,10,1,11,games,2025-04-09,2025-04-09T19:35:24
A.Minecraft.Movie.2025..WORKPRINT..COLLECTiVE,6656,9344,16000,movies,2025-04-09,2025-04-09T19:35:24
Mickey 17 2025 5.1 BONE,6949,8103,15052,movies,2025-04-09,2025-04-09T19:35:24
A Working Man,3478,3198,6676,movies,2025-04-09,2025-04-09T19:35:24
Black.Bag.2025..MA..DDP5.1.,12418,7797,20215,movies,2025-04-09,2025-04-09T19:35:24
Novocaine.2025...Cropped-NoAds.INT.READ.NFO.,1480,2024,3504,movies,2025-04-09,2025-04-09T19:35:24
Novocaine Eng AMZN ESub,1587,1287,2874,movies,2025-04-09,2025-04-09T19:35:24
The.Monkey.2025....,5478,1867,7345,movies,2025-04-09,2025-04-09T19:35:24
The.Electric.State.2025..NF..DDP5.1.H.264,2321,684,3005,movies,2025-04-09,2025-04-09T19:35:24
Mickey.17.2025..TELESYNC..COLLECTiVE,1880,998,2878,movies,2025-04-09,2025-04-09T19:35:24
Chhava Hindi HC,1111,205,1316,movies,2025-04-09,2025-04-09T19:35:24
Mickey.17.2025.Hybrid...DHDR.DDP5.1.Atmos.H265,666,455,1121,movies,2025-04-09,2025-04-09T19:35:24
Bill.Burr.Drop.Dead.Years.2025..WEB.H264,928,114,1042,movies,2025-04-09,2025-04-09T19:35:24
Last.Breath.2025....5.1,843,344,1187,movies,2025-04-09,2025-04-09T19:35:24
Becoming Led Zeppelin 5 1,582,158,740,movies,2025-04-09,2025-04-09T19:35:24
Holland.2025..AMZN..DDP5.1.H.265,622,198,820,movies,2025-04-09,2025-04-09T19:35:24
Popeye.The.Slayer.Man 2025....DD5.1,635,100,735,movies,2025-04-09,2025-04-09T19:35:24
A.Working.Man.2025...Cam.Audio.READNFO..COLLECTiVE,782,684,1466,movies,2025-04-09,2025-04-09T19:35:24
Black Bag Eng ESub,730,357,1087,movies,2025-04-09,2025-04-09T19:35:24
Batman.Ninja.vs.Yakuza.League.2025...5.1.,663,53,716,movies,2025-04-09,2025-04-09T19:35:24
Officer on Duty ESub,640,51,691,movies,2025-04-09,2025-04-09T19:35:24
Sikandar 2025 HQ Telesync NO WM 2.0 Hindi DIGITAL HC ESUB,603,207,810,movies,2025-04-09,2025-04-09T19:35:24
High.Rollers.2025....5.1,729,70,799,movies,2025-04-09,2025-04-09T19:35:24
Fog.Of.War.2025....10bit.5.1,835,130,965,movies,2025-04-09,2025-04-09T19:35:24
Peter.Pans.Neverland.Nightmare.2025....5.1,425,53,478,movies,2025-04-09,2025-04-09T19:35:24
I'm Still Here ...,238,166,404,movies,2025-04-09,2025-04-09T19:35:24
Deva 2025 5.1,321,50,371,movies,2025-04-09,2025-04-09T19:35:24
Captain.America.Brave.New.World.2025.iNTERNAL..10bit..2CH..,530,112,642,movies,2025-04-09,2025-04-09T19:35:24
Viduthalai Part 1 UnCut ESub,431,51,482,movies,2025-04-09,2025-04-09T19:35:24
Elevator Lady 2025 Tagalog BONE,1071,111,1182,movies,2025-04-09,2025-04-09T19:35:24
Borderline 5.1,221,48,269,movies,2025-04-09,2025-04-09T19:35:24
Kaafir Hin ESub,345,28,373,movies,2025-04-09,2025-04-09T19:35:24
Alexander.And.The.Terrible.Horrible.No.Good.Very.Bad.Road.Trip.2025.....,184,15,199,movies,2025-04-09,2025-04-09T19:35:24
The Gorge,180,15,195,movies,2025-04-09,2025-04-09T19:35:24
Caligula The Ultimate Cut 10bit 5.1,169,16,185,movies,2025-04-09,2025-04-09T19:35:24
Test ESub,154,26,180,movies,2025-04-09,2025-04-09T19:35:24
Dragon ESub,127,24,151,movies,2025-04-09,2025-04-09T19:35:24
McVeigh 2024,121,11,132,movies,2025-04-09,2025-04-09T19:35:24
The Pursuit of Lust 4 2025 Mongolian BONE,114,11,125,movies,2025-04-09,2025-04-09T19:35:24
Aghathiyaa ESub,94,14,108,movies,2025-04-09,2025-04-09T19:35:24
Sex-Positive.2024...AOpus.5.1,93,10,103,movies,2025-04-09,2025-04-09T19:35:24
Agent A Hindi Multi ESub.,188,16,204,movies,2025-04-09,2025-04-09T19:35:24
China and Sex erotic drama,68,29,97,movies,2025-04-09,2025-04-09T19:35:24
Be Happy Hindi ESub,74,8,82,movies,2025-04-09,2025-04-09T19:35:24
Rekhachithram Hindi DS4K,49,13,62,movies,2025-04-09,2025-04-09T19:35:24
The Last of Us: Part II,2640,5757,8397,games,2025-04-09,2025-04-09T19:36:15
inZOI,1818,147,1965,games,2025-04-09,2025-04-09T19:36:15
"Rise of the Ronin [ , Sel...",805,630,1435,games,2025-04-09,2025-04-09T19:36:15
Schedule I f9,2452,95,2547,games,2025-04-09,2025-04-09T19:36:15
South of Midnight: Premium Edition [Fi...,994,633,1627,games,2025-04-09,2025-04-09T19:36:15
Mortal Kombat 1: Khaos Reigns Kollection (,403,295,698,games,2025-04-09,2025-04-09T19:36:15
BLEACH: Rebirth of Souls [F...,506,196,702,games,2025-04-09,2025-04-09T19:36:15
House Party: Supporter Edition,616,34,650,games,2025-04-09,2025-04-09T19:36:15
"Haste [ ,",469,76,545,games,2025-04-09,2025-04-09T19:36:15
AI LIMIT: Deluxe Edition,616,89,705,games,2025-04-09,2025-04-09T19:36:15
"Cities: Skylines II [ , ...",522,90,612,games,2025-04-09,2025-04-09T19:36:15
Venus Vacation PRISM: DEAD OR ALIVE Xtreme,251,39,290,games,2025-04-09,2025-04-09T19:36:15
Atelier Yumia: The Alchemist of Memories & the Envisioned Land (b/c,322,32,354,games,2025-04-09,2025-04-09T19:36:15
Xenoblade Chronicles X: Definitive Edition (,281,40,321,games,2025-04-09,2025-04-09T19:36:15
Cyberpunk 2077,222,45,267,games,2025-04-09,2025-04-09T19:36:15
The Invincible: Deluxe Edition (/ CL_54877,221,26,247,games,2025-04-09,2025-04-09T19:36:15
"CONTROL: Ultimate Edition [ , S...",498,168,666,games,2025-04-09,2025-04-09T19:36:15
American Truck Simulator,158,30,188,games,2025-04-09,2025-04-09T19:36:15
Cataclismo,178,3,181,games,2025-04-09,2025-04-09T19:36:15
Sonic X Shadow Generations [...,131,18,149,games,2025-04-09,2025-04-09T19:36:15
Squirrel with a Gun,129,12,141,games,2025-04-09,2025-04-09T19:36:15
Kingdom Come: Deliverance II,232,34,266,games,2025-04-09,2025-04-09T19:36:15
INAYAH: Life after Gods,129,8,137,games,2025-04-09,2025-04-09T19:36:15
KARMA: The Dark World,105,28,133,games,2025-04-09,2025-04-09T19:36:15
Rogue: Genesia,131,1,132,games,2025-04-09,2025-04-09T19:36:15
Myst,122,4,126,games,2025-04-09,2025-04-09T19:36:15
SaGa Frontier 2,115,9,124,games,2025-04-09,2025-04-09T19:36:15
Zombieville USA 3D,108,2,110,games,2025-04-09,2025-04-09T19:36:15
Romancing SaGa 2: Revenge of the Seven [Fi...,86,19,105,games,2025-04-09,2025-04-09T19:36:15
Grit and Valor,89,8,97,games,2025-04-09,2025-04-09T19:36:15
The Phantom,81,3,84,games,2025-04-09,2025-04-09T19:36:15
GUILTY GEAR -STRIVE,59,23,82,games,2025-04-09,2025-04-09T19:36:15
Corner Kitchen: Fast Food Simulator,76,3,79,games,2025-04-09,2025-04-09T19:36:15
3D Escape Room: Detective Story,72,1,73,games,2025-04-09,2025-04-09T19:36:15
Nordhold,70,1,71,games,2025-04-09,2025-04-09T19:36:15
Wanderstop,65,3,68,games,2025-04-09,2025-04-09T19:36:15
House Builder: Pack and Punch Bundle (Build 20-03,57,11,68,games,2025-04-09,2025-04-09T19:36:15
Reignbreaker,64,3,67,games,2025-04-09,2025-04-09T19:36:15
FATE: Reawakened,61,2,63,games,2025-04-09,2025-04-09T19:36:15
Lossless Scaling,62,0,62,games,2025-04-09,2025-04-09T19:36:15
Wreckfest 2,86,9,95,games,2025-04-09,2025-04-09T19:36:15
Strike Force 2: Terrorist Hunt,57,4,61,games,2025-04-09,2025-04-09T19:36:15
Robin Hood: Sherwood Defenders,52,9,61,games,2025-04-09,2025-04-09T19:36:15
Age of Wonders 4 Giant Kings,50,4,54,games,2025-04-09,2025-04-09T19:36:15
Crusader Kings III,47,4,51,games,2025-04-09,2025-04-09T19:36:15
Sledders,43,4,47,games,2025-04-09,2025-04-09T19:36:15
World Racing 2: Champion Edition,41,3,44,games,2025-04-09,2025-04-09T19:36:15
Psycho Patrol R,41,0,41,games,2025-04-09,2025-04-09T19:36:15
Nubby's Number Factory,38,1,39,games,2025-04-09,2025-04-09T19:36:15
Spilled!,36,0,36,games,2025-04-09,2025-04-09T19:36:15
Tainted Grail: The Fall of Avalon,27,5,32,games,2025-04-09,2025-04-09T19:36:15
Command & Conquer Red Alert 3,25,5,30,games,2025-04-09,2025-04-09T19:36:15
Project Zomboid,27,1,28,games,2025-04-09,2025-04-09T19:36:15
S.T.A.L.K.E.R. 2: Heart of Chornobyl,18,3,21,games,2025-04-09,2025-04-09T19:36:15
WWE 2K25,9,8,17,games,2025-04-09,2025-04-09T19:36:15
Avowed,15,1,16,games,2025-04-09,2025-04-09T19:36:15
AI LIMIT,14,1,15,games,2025-04-09,2025-04-09T19:36:15
Witchfire,10,3,13,games,2025-04-09,2025-04-09T19:36:15
God of War Ragnarok,10,1,11,games,2025-04-09,2025-04-09T19:36:15
A.Minecraft.Movie.2025..WORKPRINT..COLLECTiVE,6656,9344,16000,movies,2025-04-09,2025-04-09T19:36:15
Mickey 17 2025 5.1 BONE,6949,8103,15052,movies,2025-04-09,2025-04-09T19:36:15
A Working Man,3478,3198,6676,movies,2025-04-09,2025-04-09T19:36:15
Black.Bag.2025..MA..DDP5.1.,12418,7797,20215,movies,2025-04-09,2025-04-09T19:36:15
Novocaine.2025...Cropped-NoAds.INT.READ.NFO.,1480,2024,3504,movies,2025-04-09,2025-04-09T19:36:15
Novocaine Eng AMZN ESub,1587,1287,2874,movies,2025-04-09,2025-04-09T19:36:15
The.Monkey.2025....,5478,1867,7345,movies,2025-04-09,2025-04-09T19:36:15
The.Electric.State.2025..NF..DDP5.1.H.264,2321,684,3005,movies,2025-04-09,2025-04-09T19:36:15
Mickey.17.2025..TELESYNC..COLLECTiVE,1880,998,2878,movies,2025-04-09,2025-04-09T19:36:15
Chhava Hindi HC,1111,205,1316,movies,2025-04-09,2025-04-09T19:36:15
Mickey.17.2025.Hybrid...DHDR.DDP5.1.Atmos.H265,666,455,1121,movies,2025-04-09,2025-04-09T19:36:15
Bill.Burr.Drop.Dead.Years.2025..WEB.H264,928,114,1042,movies,2025-04-09,2025-04-09T19:36:15
Last.Breath.2025....5.1,843,344,1187,movies,2025-04-09,2025-04-09T19:36:15
Becoming Led Zeppelin 5 1,582,158,740,movies,2025-04-09,2025-04-09T19:36:15
Holland.2025..AMZN..DDP5.1.H.265,622,198,820,movies,2025-04-09,2025-04-09T19:36:15
Popeye.The.Slayer.Man 2025....DD5.1,635,100,735,movies,2025-04-09,2025-04-09T19:36:15
A.Working.Man.2025...Cam.Audio.READNFO..COLLECTiVE,782,684,1466,movies,2025-04-09,2025-04-09T19:36:15
Black Bag Eng ESub,730,357,1087,movies,2025-04-09,2025-04-09T19:36:15
Batman.Ninja.vs.Yakuza.League.2025...5.1.,663,53,716,movies,2025-04-09,2025-04-09T19:36:15
Officer on Duty ESub,640,51,691,movies,2025-04-09,2025-04-09T19:36:15
Sikandar 2025 HQ Telesync NO WM 2.0 Hindi DIGITAL HC ESUB,603,207,810,movies,2025-04-09,2025-04-09T19:36:15
High.Rollers.2025....5.1,729,70,799,movies,2025-04-09,2025-04-09T19:36:15
Fog.Of.War.2025....10bit.5.1,835,130,965,movies,2025-04-09,2025-04-09T19:36:15
Peter.Pans.Neverland.Nightmare.2025....5.1,425,53,478,movies,2025-04-09,2025-04-09T19:36:15
I'm Still Here ...,238,166,404,movies,2025-04-09,2025-04-09T19:36:15
Deva 2025 5.1,321,50,371,movies,2025-04-09,2025-04-09T19:36:15
Captain.America.Brave.New.World.2025.iNTERNAL..10bit..2CH..,530,112,642,movies,2025-04-09,2025-04-09T19:36:15
Viduthalai Part 1 UnCut ESub,431,51,482,movies,2025-04-09,2025-04-09T19:36:15
Elevator Lady 2025 Tagalog BONE,1071,111,1182,movies,2025-04-09,2025-04-09T19:36:15
Borderline 5.1,221,48,269,movies,2025-04-09,2025-04-09T19:36:15
Kaafir Hin ESub,345,28,373,movies,2025-04-09,2025-04-09T19:36:15
Alexander.And.The.Terrible.Horrible.No.Good.Very.Bad.Road.Trip.2025.....,184,15,199,movies,2025-04-09,2025-04-09T19:36:15
The Gorge,180,15,195,movies,2025-04-09,2025-04-09T19:36:15
Caligula The Ultimate Cut 10bit 5.1,169,16,185,movies,2025-04-09,2025-04-09T19:36:15
Test ESub,154,26,180,movies,2025-04-09,2025-04-09T19:36:15
Dragon ESub,127,24,151,movies,2025-04-09,2025-04-09T19:36:15
McVeigh 2024,121,11,132,movies,2025-04-09,2025-04-09T19:36:15
The Pursuit of Lust 4 2025 Mongolian BONE,114,11,125,movies,2025-04-09,2025-04-09T19:36:15
Aghathiyaa ESub,94,14,108,movies,2025-04-09,2025-04-09T19:36:15
Sex-Positive.2024...AOpus.5.1,93,10,103,movies,2025-04-09,2025-04-09T19:36:15
Agent A Hindi Multi ESub.,188,16,204,movies,2025-04-09,2025-04-09T19:36:15
China and Sex erotic drama,68,29,97,movies,2025-04-09,2025-04-09T19:36:15
Be Happy Hindi ESub,74,8,82,movies,2025-04-09,2025-04-09T19:36:15
Rekhachithram Hindi DS4K,49,13,62,movies,2025-04-09,2025-04-09T19:36:15
The Last of Us: Part II,2640,5757,8397,games,2025-04-09,2025-04-09T20:07:07
inZOI,1818,147,1965,games,2025-04-09,2025-04-09T20:07:07
"Rise of the Ronin [ , Sel...",805,630,1435,games,2025-04-09,2025-04-09T20:07:07
Schedule I f9,2452,95,2547,games,2025-04-09,2025-04-09T20:07:07
South of Midnight: Premium Edition [Fi...,994,633,1627,games,2025-04-09,2025-04-09T20:07:07
Mortal Kombat 1: Khaos Reigns Kollection (,403,295,698,games,2025-04-09,2025-04-09T20:07:07
BLEACH: Rebirth of Souls [F...,506,196,702,games,2025-04-09,2025-04-09T20:07:07
House Party: Supporter Edition,616,34,650,games,2025-04-09,2025-04-09T20:07:07
"Haste [ ,",469,76,545,games,2025-04-09,2025-04-09T20:07:07
AI LIMIT: Deluxe Edition,616,89,705,games,2025-04-09,2025-04-09T20:07:07
"Cities: Skylines II [ , ...",522,90,612,games,2025-04-09,2025-04-09T20:07:07
Venus Vacation PRISM: DEAD OR ALIVE Xtreme,251,39,290,games,2025-04-09,2025-04-09T20:07:07
Atelier Yumia: The Alchemist of Memories & the Envisioned Land (b/c,322,32,354,games,2025-04-09,2025-04-09T20:07:07
Xenoblade Chronicles X: Definitive Edition (,281,40,321,games,2025-04-09,2025-04-09T20:07:07
Cyberpunk 2077,222,45,267,games,2025-04-09,2025-04-09T20:07:07
The Invincible: Deluxe Edition (/ CL_54877,221,26,247,games,2025-04-09,2025-04-09T20:07:07
"CONTROL: Ultimate Edition [ , S...",498,168,666,games,2025-04-09,2025-04-09T20:07:07
American Truck Simulator,158,30,188,games,2025-04-09,2025-04-09T20:07:07
Cataclismo,178,3,181,games,2025-04-09,2025-04-09T20:07:07
Sonic X Shadow Generations [...,131,18,149,games,2025-04-09,2025-04-09T20:07:07
Squirrel with a Gun,129,12,141,games,2025-04-09,2025-04-09T20:07:07
Kingdom Come: Deliverance II,232,34,266,games,2025-04-09,2025-04-09T20:07:07
INAYAH: Life after Gods,129,8,137,games,2025-04-09,2025-04-09T20:07:07
KARMA: The Dark World,105,28,133,games,2025-04-09,2025-04-09T20:07:07
Rogue: Genesia,131,1,132,games,2025-04-09,2025-04-09T20:07:07
Myst,122,4,126,games,2025-04-09,2025-04-09T20:07:07
SaGa Frontier 2,115,9,124,games,2025-04-09,2025-04-09T20:07:07
Zombieville USA 3D,108,2,110,games,2025-04-09,2025-04-09T20:07:07
Romancing SaGa 2: Revenge of the Seven [Fi...,86,19,105,games,2025-04-09,2025-04-09T20:07:07
Grit and Valor,89,8,97,games,2025-04-09,2025-04-09T20:07:07
The Phantom,81,3,84,games,2025-04-09,2025-04-09T20:07:07
GUILTY GEAR -STRIVE,59,23,82,games,2025-04-09,2025-04-09T20:07:07
Corner Kitchen: Fast Food Simulator,76,3,79,games,2025-04-09,2025-04-09T20:07:07
3D Escape Room: Detective Story,72,1,73,games,2025-04-09,2025-04-09T20:07:07
Nordhold,70,1,71,games,2025-04-09,2025-04-09T20:07:07
Wanderstop,65,3,68,games,2025-04-09,2025-04-09T20:07:07
House Builder: Pack and Punch Bundle (Build 20-03,57,11,68,games,2025-04-09,2025-04-09T20:07:07
Reignbreaker,64,3,67,games,2025-04-09,2025-04-09T20:07:07
FATE: Reawakened,61,2,63,games,2025-04-09,2025-04-09T20:07:07
Lossless Scaling,62,0,62,games,2025-04-09,2025-04-09T20:07:07
Wreckfest 2,86,9,95,games,2025-04-09,2025-04-09T20:07:07
Strike Force 2: Terrorist Hunt,57,4,61,games,2025-04-09,2025-04-09T20:07:07
Robin Hood: Sherwood Defenders,52,9,61,games,2025-04-09,2025-04-09T20:07:07
Age of Wonders 4 Giant Kings,50,4,54,games,2025-04-09,2025-04-09T20:07:07
Crusader Kings III,47,4,51,games,2025-04-09,2025-04-09T20:07:07
Sledders,43,4,47,games,2025-04-09,2025-04-09T20:07:07
World Racing 2: Champion Edition,41,3,44,games,2025-04-09,2025-04-09T20:07:07
Psycho Patrol R,41,0,41,games,2025-04-09,2025-04-09T20:07:07
Nubby's Number Factory,38,1,39,games,2025-04-09,2025-04-09T20:07:07
Spilled!,36,0,36,games,2025-04-09,2025-04-09T20:07:07
Tainted Grail: The Fall of Avalon,27,5,32,games,2025-04-09,2025-04-09T20:07:07
Command & Conquer Red Alert 3,25,5,30,games,2025-04-09,2025-04-09T20:07:07
Project Zomboid,27,1,28,games,2025-04-09,2025-04-09T20:07:07
S.T.A.L.K.E.R. 2: Heart of Chornobyl,18,3,21,games,2025-04-09,2025-04-09T20:07:07
WWE 2K25,9,8,17,games,2025-04-09,2025-04-09T20:07:07
Avowed,15,1,16,games,2025-04-09,2025-04-09T20:07:07
AI LIMIT,14,1,15,games,2025-04-09,2025-04-09T20:07:07
Witchfire,10,3,13,games,2025-04-09,2025-04-09T20:07:07
God of War Ragnarok,10,1,11,games,2025-04-09,2025-04-09T20:07:07
A.Minecraft.Movie.2025..WORKPRINT..COLLECTiVE,6656,9344,16000,movies,2025-04-09,2025-04-09T20:07:07
Mickey 17 2025 5.1 BONE,6949,8103,15052,movies,2025-04-09,2025-04-09T20:07:07
A Working Man,3478,3198,6676,movies,2025-04-09,2025-04-09T20:07:07
Black.Bag.2025..MA..DDP5.1.,12418,7797,20215,movies,2025-04-09,2025-04-09T20:07:07
Novocaine.2025...Cropped-NoAds.INT.READ.NFO.,1480,2024,3504,movies,2025-04-09,2025-04-09T20:07:07
Novocaine Eng AMZN ESub,1587,1287,2874,movies,2025-04-09,2025-04-09T20:07:07
The.Monkey.2025....,5478,1867,7345,movies,2025-04-09,2025-04-09T20:07:07
The.Electric.State.2025..NF..DDP5.1.H.264,2321,684,3005,movies,2025-04-09,2025-04-09T20:07:07
Mickey.17.2025..TELESYNC..COLLECTiVE,1880,998,2878,movies,2025-04-09,2025-04-09T20:07:07
Chhava Hindi HC,1111,205,1316,movies,2025-04-09,2025-04-09T20:07:07
Mickey.17.2025.Hybrid...DHDR.DDP5.1.Atmos.H265,666,455,1121,movies,2025-04-09,2025-04-09T20:07:07
Bill.Burr.Drop.Dead.Years.2025..WEB.H264,928,114,1042,movies,2025-04-09,2025-04-09T20:07:07
Last.Breath.2025....5.1,843,344,1187,movies,2025-04-09,2025-04-09T20:07:07
Becoming Led Zeppelin 5 1,582,158,740,movies,2025-04-09,2025-04-09T20:07:07
Holland.2025..AMZN..DDP5.1.H.265,622,198,820,movies,2025-04-09,2025-04-09T20:07:07
Popeye.The.Slayer.Man 2025....DD5.1,635,100,735,movies,2025-04-09,2025-04-09T20:07:07
A.Working.Man.2025...Cam.Audio.READNFO..COLLECTiVE,782,684,1466,movies,2025-04-09,2025-04-09T20:07:07
Black Bag Eng ESub,730,357,1087,movies,2025-04-09,2025-04-09T20:07:07
Batman.Ninja.vs.Yakuza.League.2025...5.1.,663,53,716,movies,2025-04-09,2025-04-09T20:07:07
Officer on Duty ESub,640,51,691,movies,2025-04-09,2025-04-09T20:07:07
Sikandar 2025 HQ Telesync NO WM 2.0 Hindi DIGITAL HC ESUB,603,207,810,movies,2025-04-09,2025-04-09T20:07:07
High.Rollers.2025....5.1,729,70,799,movies,2025-04-09,2025-04-09T20:07:07
Fog.Of.War.2025....10bit.5.1,835,130,965,movies,2025-04-09,2025-04-09T20:07:07
Peter.Pans.Neverland.Nightmare.2025....5.1,425,53,478,movies,2025-04-09,2025-04-09T20:07:07
I'm Still Here ...,238,166,404,movies,2025-04-09,2025-04-09T20:07:07
Deva 2025 5.1,321,50,371,movies,2025-04-09,2025-04-09T20:07:07
Captain.America.Brave.New.World.2025.iNTERNAL..10bit..2CH..,530,112,642,movies,2025-04-09,2025-04-09T20:07:07
Viduthalai Part 1 UnCut ESub,431,51,482,movies,2025-04-09,2025-04-09T20:07:07
Elevator Lady 2025 Tagalog BONE,1071,111,1182,movies,2025-04-09,2025-04-09T20:07:07
Borderline 5.1,221,48,269,movies,2025-04-09,2025-04-09T20:07:07
Kaafir Hin ESub,345,28,373,movies,2025-04-09,2025-04-09T20:07:07
Alexander.And.The.Terrible.Horrible.No.Good.Very.Bad.Road.Trip.2025.....,184,15,199,movies,2025-04-09,2025-04-09T20:07:07
The Gorge,180,15,195,movies,2025-04-09,2025-04-09T20:07:07
Caligula The Ultimate Cut 10bit 5.1,169,16,185,movies,2025-04-09,2025-04-09T20:07:07
Test ESub,154,26,180,movies,2025-04-09,2025-04-09T20:07:07
Dragon ESub,127,24,151,movies,2025-04-09,2025-04-09T20:07:07
McVeigh 2024,121,11,132,movies,2025-04-09,2025-04-09T20:07:07
The Pursuit of Lust 4 2025 Mongolian BONE,114,11,125,movies,2025-04-09,2025-04-09T20:07:07
Aghathiyaa ESub,94,14,108,movies,2025-04-09,2025-04-09T20:07:07
Sex-Positive.2024...AOpus.5.1,93,10,103,movies,2025-04-09,2025-04-09T20:07:07
Agent A Hindi Multi ESub.,188,16,204,movies,2025-04-09,2025-04-09T20:07:07
China and Sex erotic drama,68,29,97,movies,2025-04-09,2025-04-09T20:07:07
Be Happy Hindi ESub,74,8,82,movies,2025-04-09,2025-04-09T20:07:07
Rekhachithram Hindi DS4K,49,13,62,movies,2025-04-09,2025-04-09T20:07:07
